<metadata xml:lang="es"><Esri><CreaDate>20151229</CreaDate><CreaTime>20031800</CreaTime><ArcGISFormat>1.0</ArcGISFormat><SyncOnce>FALSE</SyncOnce><DataProperties><lineage><Process ToolSource="C:\Program Files (x86)\ArcGIS\Desktop10.0\ArcToolbox\Toolboxes\Data Management Tools.tbx\CalculateField" Date="20150525" Time="201531">CalculateField RedConectividadEcologica3 el "Áreas de Interés Recreativo y Paisajístico" VB #</Process><Process ToolSource="C:\Program Files (x86)\ArcGIS\Desktop10.0\ArcToolbox\Toolboxes\Data Management Tools.tbx\CalculateField" Date="20150525" Time="201637">CalculateField RedConectividadEcologica3 el "Nodos y enlaces estructurantes proyectados" VB #</Process><Process ToolSource="C:\Program Files (x86)\ArcGIS\Desktop10.0\ArcToolbox\Toolboxes\Data Management Tools.tbx\CalculateField" Date="20150525" Time="201658">CalculateField RedConectividadEcologica3 el "Enlace Estructurante" VB #</Process><Process ToolSource="C:\Program Files (x86)\ArcGIS\Desktop10.0\ArcToolbox\Toolboxes\Data Management Tools.tbx\CalculateField" Date="20150525" Time="201724">CalculateField RedConectividadEcologica3 el "Nodo Estructurante" VB #</Process><Process ToolSource="C:\Program Files (x86)\ArcGIS\Desktop10.0\ArcToolbox\Toolboxes\Data Management Tools.tbx\CalculateField" Date="20150525" Time="201802">CalculateField RedConectividadEcologica3 Elemento [el] VB #</Process><Process ToolSource="c:\program files (x86)\arcgis\desktop10.0\ArcToolbox\Toolboxes\Conversion Tools.tbx\FeatureClassToFeatureClass" Date="20150525" Time="203427">FeatureClassToFeatureClass H:\ARCHIVOS_PARA_GEOCODIFICACION\Copiar_POT48.gdb\Carga2\RedConectividadEcologica3 "Database Connections\zeus4_ATLAS_SITE_DIRECT.sde\SITE.POT_Acuerdo48_2014" RedConectividadEcologica # "Tipo "Tipo" true true false 20 Text 0 0 ,First,#,H:\ARCHIVOS_PARA_GEOCODIFICACION\Copiar_POT48.gdb\Carga2\RedConectividadEcologica3,Tipo,-1,-1;Corredor_SIMAP "Corredor_SIMAP" true true false 200 Text 0 0 ,First,#,H:\ARCHIVOS_PARA_GEOCODIFICACION\Copiar_POT48.gdb\Carga2\RedConectividadEcologica3,Corredor_SIMAP,-1,-1;Nombre_Area_Interes "Nombre_Area_Interes" true true false 50 Text 0 0 ,First,#,H:\ARCHIVOS_PARA_GEOCODIFICACION\Copiar_POT48.gdb\Carga2\RedConectividadEcologica3,Nombre_Area_Interes,-1,-1;SHAPE_Length "SHAPE_Length" false true true 8 Double 0 0 ,First,#,H:\ARCHIVOS_PARA_GEOCODIFICACION\Copiar_POT48.gdb\Carga2\RedConectividadEcologica3,SHAPE_Length,-1,-1;SHAPE_Area "SHAPE_Area" false true true 8 Double 0 0 ,First,#,H:\ARCHIVOS_PARA_GEOCODIFICACION\Copiar_POT48.gdb\Carga2\RedConectividadEcologica3,SHAPE_Area,-1,-1;Elemento "Elemento" true true false 50 Text 0 0 ,First,#,H:\ARCHIVOS_PARA_GEOCODIFICACION\Copiar_POT48.gdb\Carga2\RedConectividadEcologica3,Elemento,-1,-1" #</Process><Process ToolSource="C:\Program Files (x86)\ArcGIS\Desktop10.0\ArcToolbox\Toolboxes\Data Management Tools.tbx\Analyze" Date="20150530" Time="082541">Analyze "Database Connections\zeus4_ATLAS_SDE_DIRECT.sde\SITE.POT_Acuerdo48_2014\SITE.RedConectividadEcologica" BUSINESS;FEATURE</Process><Process ToolSource="C:\Program Files (x86)\ArcGIS\Desktop10.0\ArcToolbox\Toolboxes\Data Management Tools.tbx\Analyze" Date="20150602" Time="112713">Analyze "Database Connections\zeus4_ATLAS_SDE_DIRECT.sde\SITE.POT_Acuerdo48_2014\SITE.RedConectividadEcologica" BUSINESS;FEATURE</Process><Process ToolSource="C:\Program Files (x86)\ArcGIS\Desktop10.0\ArcToolbox\Toolboxes\Data Management Tools.tbx\Analyze" Date="20150606" Time="075429">Analyze "Database Connections\zeus4_ATLAS_SDE_DIRECT.sde\SITE.POT_Acuerdo48_2014\SITE.RedConectividadEcologica" BUSINESS;FEATURE</Process><Process ToolSource="C:\Program Files (x86)\ArcGIS\Desktop10.0\ArcToolbox\Toolboxes\Data Management Tools.tbx\Analyze" Date="20150609" Time="111802">Analyze "Database Connections\zeus4_ATLAS_SDE_DIRECT.sde\SITE.POT_Acuerdo48_2014\SITE.RedConectividadEcologica" BUSINESS;FEATURE</Process><Process ToolSource="C:\Program Files (x86)\ArcGIS\Desktop10.0\ArcToolbox\Toolboxes\Data Management Tools.tbx\Analyze" Date="20150613" Time="084604">Analyze "Database Connections\zeus4_ATLAS_SDE_DIRECT.sde\SITE.POT_Acuerdo48_2014\SITE.RedConectividadEcologica" BUSINESS;FEATURE</Process><Process ToolSource="C:\Program Files (x86)\ArcGIS\Desktop10.0\ArcToolbox\Toolboxes\Data Management Tools.tbx\Analyze" Date="20150620" Time="075905">Analyze "Database Connections\zeus4_ATLAS_SDE_DIRECT.sde\SITE.POT_Acuerdo48_2014\SITE.RedConectividadEcologica" BUSINESS;FEATURE</Process><Process ToolSource="C:\Program Files (x86)\ArcGIS\Desktop10.0\ArcToolbox\Toolboxes\Data Management Tools.tbx\Analyze" Date="20150627" Time="074659">Analyze "Database Connections\zeus4_ATLAS_SDE_DIRECT.sde\SITE.POT_Acuerdo48_2014\SITE.RedConectividadEcologica" BUSINESS;FEATURE</Process><Process ToolSource="C:\Program Files (x86)\ArcGIS\Desktop10.0\ArcToolbox\Toolboxes\Data Management Tools.tbx\Analyze" Date="20150704" Time="075237">Analyze "Database Connections\zeus4_ATLAS_SDE_DIRECT.sde\SITE.POT_Acuerdo48_2014\SITE.RedConectividadEcologica" BUSINESS;FEATURE</Process><Process ToolSource="C:\Program Files (x86)\ArcGIS\Desktop10.0\ArcToolbox\Toolboxes\Data Management Tools.tbx\Analyze" Date="20150711" Time="072258">Analyze "Database Connections\zeus4_ATLAS_SDE_DIRECT.sde\SITE.POT_Acuerdo48_2014\SITE.RedConectividadEcologica" BUSINESS;FEATURE</Process><Process ToolSource="C:\Program Files (x86)\ArcGIS\Desktop10.0\ArcToolbox\Toolboxes\Data Management Tools.tbx\Analyze" Date="20150718" Time="072549">Analyze "Database Connections\zeus4_ATLAS_SDE_DIRECT.sde\SITE.POT_Acuerdo48_2014\SITE.RedConectividadEcologica" BUSINESS;FEATURE</Process><Process ToolSource="C:\Program Files (x86)\ArcGIS\Desktop10.0\ArcToolbox\Toolboxes\Data Management Tools.tbx\Analyze" Date="20150725" Time="074744">Analyze "Database Connections\zeus4_ATLAS_SDE_DIRECT.sde\SITE.POT_Acuerdo48_2014\SITE.RedConectividadEcologica" BUSINESS;FEATURE</Process><Process ToolSource="C:\Program Files (x86)\ArcGIS\Desktop10.0\ArcToolbox\Toolboxes\Data Management Tools.tbx\Analyze" Date="20150801" Time="083729">Analyze "Database Connections\zeus4_ATLAS_SDE_DIRECT.sde\SITE.POT_Acuerdo48_2014\SITE.RedConectividadEcologica" BUSINESS;FEATURE</Process><Process ToolSource="C:\Program Files (x86)\ArcGIS\Desktop10.0\ArcToolbox\Toolboxes\Data Management Tools.tbx\Analyze" Date="20150808" Time="093723">Analyze "Database Connections\zeus4_ATLAS_SDE_DIRECT.sde\SITE.POT_Acuerdo48_2014\SITE.RedConectividadEcologica" BUSINESS;FEATURE</Process><Process ToolSource="C:\Program Files (x86)\ArcGIS\Desktop10.0\ArcToolbox\Toolboxes\Data Management Tools.tbx\Analyze" Date="20150815" Time="114215">Analyze "Database Connections\zeus4_ATLAS_SDE_DIRECT.sde\SITE.POT_Acuerdo48_2014\SITE.RedConectividadEcologica" BUSINESS;FEATURE</Process><Process ToolSource="C:\Program Files (x86)\ArcGIS\Desktop10.0\ArcToolbox\Toolboxes\Data Management Tools.tbx\Analyze" Date="20150822" Time="083028">Analyze "Database Connections\zeus4_ATLAS_SDE_DIRECT.sde\SITE.POT_Acuerdo48_2014\SITE.RedConectividadEcologica" BUSINESS;FEATURE</Process><Process ToolSource="C:\Program Files (x86)\ArcGIS\Desktop10.0\ArcToolbox\Toolboxes\Data Management Tools.tbx\Analyze" Date="20150829" Time="110911">Analyze "Database Connections\zeus4_ATLAS_SDE_DIRECT.sde\SITE.POT_Acuerdo48_2014\SITE.RedConectividadEcologica" BUSINESS;FEATURE</Process><Process ToolSource="C:\Program Files (x86)\ArcGIS\Desktop10.0\ArcToolbox\Toolboxes\Data Management Tools.tbx\Analyze" Date="20150905" Time="111102">Analyze "Database Connections\zeus4_ATLAS_SDE_DIRECT.sde\SITE.POT_Acuerdo48_2014\SITE.RedConectividadEcologica" BUSINESS;FEATURE</Process><Process ToolSource="C:\Program Files (x86)\ArcGIS\Desktop10.0\ArcToolbox\Toolboxes\Data Management Tools.tbx\Analyze" Date="20150912" Time="100922">Analyze "Database Connections\zeus4_ATLAS_SDE_DIRECT.sde\SITE.POT_Acuerdo48_2014\SITE.RedConectividadEcologica" BUSINESS;FEATURE</Process><Process ToolSource="C:\Program Files (x86)\ArcGIS\Desktop10.0\ArcToolbox\Toolboxes\Data Management Tools.tbx\Analyze" Date="20150919" Time="105527">Analyze "Database Connections\zeus4_ATLAS_SDE_DIRECT.sde\SITE.POT_Acuerdo48_2014\SITE.RedConectividadEcologica" BUSINESS;FEATURE</Process><Process ToolSource="C:\Program Files (x86)\ArcGIS\Desktop10.0\ArcToolbox\Toolboxes\Data Management Tools.tbx\Analyze" Date="20150926" Time="111800">Analyze "Database Connections\zeus4_ATLAS_SDE_DIRECT.sde\SITE.POT_Acuerdo48_2014\SITE.RedConectividadEcologica" BUSINESS;FEATURE</Process><Process ToolSource="C:\Program Files (x86)\ArcGIS\Desktop10.0\ArcToolbox\Toolboxes\Data Management Tools.tbx\Analyze" Date="20151003" Time="113445">Analyze "Database Connections\zeus4_ATLAS_SDE_DIRECT.sde\SITE.POT_Acuerdo48_2014\SITE.RedConectividadEcologica" BUSINESS;FEATURE</Process><Process ToolSource="C:\Program Files (x86)\ArcGIS\Desktop10.0\ArcToolbox\Toolboxes\Data Management Tools.tbx\Analyze" Date="20151010" Time="111259">Analyze "Database Connections\zeus4_ATLAS_SDE_DIRECT.sde\SITE.POT_Acuerdo48_2014\SITE.RedConectividadEcologica" BUSINESS;FEATURE</Process><Process ToolSource="C:\Program Files (x86)\ArcGIS\Desktop10.0\ArcToolbox\Toolboxes\Data Management Tools.tbx\Analyze" Date="20151017" Time="105148">Analyze "Database Connections\zeus4_ATLAS_SDE_DIRECT.sde\SITE.POT_Acuerdo48_2014\SITE.RedConectividadEcologica" BUSINESS;FEATURE</Process><Process ToolSource="C:\Program Files (x86)\ArcGIS\Desktop10.0\ArcToolbox\Toolboxes\Data Management Tools.tbx\Analyze" Date="20151024" Time="110825">Analyze "Database Connections\zeus4_ATLAS_SDE_DIRECT.sde\SITE.POT_Acuerdo48_2014\SITE.RedConectividadEcologica" BUSINESS;FEATURE</Process><Process ToolSource="C:\Program Files (x86)\ArcGIS\Desktop10.0\ArcToolbox\Toolboxes\Data Management Tools.tbx\Analyze" Date="20151031" Time="123146">Analyze "Database Connections\zeus4_ATLAS_SDE_DIRECT.sde\SITE.POT_Acuerdo48_2014\SITE.RedConectividadEcologica" BUSINESS;FEATURE</Process><Process ToolSource="C:\Program Files (x86)\ArcGIS\Desktop10.0\ArcToolbox\Toolboxes\Data Management Tools.tbx\Analyze" Date="20151107" Time="120949">Analyze "Database Connections\zeus4_ATLAS_SDE_DIRECT.sde\SITE.POT_Acuerdo48_2014\SITE.RedConectividadEcologica" BUSINESS;FEATURE</Process><Process ToolSource="C:\Program Files (x86)\ArcGIS\Desktop10.0\ArcToolbox\Toolboxes\Data Management Tools.tbx\Analyze" Date="20151114" Time="125429">Analyze "Database Connections\zeus4_ATLAS_SDE_DIRECT.sde\SITE.POT_Acuerdo48_2014\SITE.RedConectividadEcologica" BUSINESS;FEATURE</Process><Process ToolSource="C:\Program Files (x86)\ArcGIS\Desktop10.0\ArcToolbox\Toolboxes\Data Management Tools.tbx\Analyze" Date="20151121" Time="114551">Analyze "Database Connections\zeus4_ATLAS_SDE_DIRECT.sde\SITE.POT_Acuerdo48_2014\SITE.RedConectividadEcologica" BUSINESS;FEATURE</Process><Process ToolSource="C:\Program Files (x86)\ArcGIS\Desktop10.0\ArcToolbox\Toolboxes\Data Management Tools.tbx\Analyze" Date="20151128" Time="124359">Analyze "Database Connections\zeus4_ATLAS_SDE_DIRECT.sde\SITE.POT_Acuerdo48_2014\SITE.RedConectividadEcologica" BUSINESS;FEATURE</Process><Process Name="Add Field" ToolSource="C:\Program Files (x86)\ArcGIS\Desktop10.0\ArcToolbox\Toolboxes\Data Management Tools.tbx\AddField" Date="20151203" Time="155839">AddField "Database Connections\zeus4_ATLAS_SITE.sde\SITE.POT_Acuerdo48_2014\SITE.RedConectividadEcologica" CATEGORIA_PROTECCION TEXT # # 100 # NULLABLE NON_REQUIRED #</Process><Process Name="Add Field (2)" ToolSource="C:\Program Files (x86)\ArcGIS\Desktop10.0\ArcToolbox\Toolboxes\Data Management Tools.tbx\AddField" Date="20151203" Time="155839">AddField "Database Connections\zeus4_ATLAS_SITE.sde\SITE.POT_Acuerdo48_2014\SITE.RedConectividadEcologica" SUBCATEGORIA_PROTECCION TEXT # # 100 # NULLABLE NON_REQUIRED #</Process><Process Name="Add Field (11)" ToolSource="C:\Program Files (x86)\ArcGIS\Desktop10.0\ArcToolbox\Toolboxes\Data Management Tools.tbx\AddField" Date="20151203" Time="155843">AddField "Database Connections\zeus4_ATLAS_SITE.sde\SITE.POT_Acuerdo48_2014\SITE.RedConectividadEcologica" CATEGORIA_PROTECCION TEXT # # 100 # NULLABLE NON_REQUIRED #</Process><Process Name="Add Field (12)" ToolSource="C:\Program Files (x86)\ArcGIS\Desktop10.0\ArcToolbox\Toolboxes\Data Management Tools.tbx\AddField" Date="20151203" Time="155844">AddField "Database Connections\zeus4_ATLAS_SITE.sde\SITE.POT_Acuerdo48_2014\SITE.RedConectividadEcologica" SUBCATEGORIA_PROTECCION TEXT # # 100 # NULLABLE NON_REQUIRED #</Process><Process ToolSource="C:\Program Files (x86)\ArcGIS\Desktop10.0\ArcToolbox\Toolboxes\Data Management Tools.tbx\Analyze" Date="20151205" Time="115647">Analyze "Database Connections\zeus4_ATLAS_SDE_DIRECT.sde\SITE.POT_Acuerdo48_2014\SITE.RedConectividadEcologica" BUSINESS;FEATURE</Process><Process ToolSource="C:\Program Files (x86)\ArcGIS\Desktop10.0\ArcToolbox\Toolboxes\Data Management Tools.tbx\Analyze" Date="20151212" Time="120808">Analyze "Database Connections\zeus4_ATLAS_SDE_DIRECT.sde\SITE.POT_Acuerdo48_2014\SITE.RedConectividadEcologica" BUSINESS;FEATURE</Process><Process ToolSource="C:\Program Files (x86)\ArcGIS\Desktop10.0\ArcToolbox\Toolboxes\Data Management Tools.tbx\Analyze" Date="20151219" Time="190053">Analyze "Database Connections\zeus4_ATLAS_SDE_DIRECT.sde\SITE.POT_Acuerdo48_2014\SITE.RedConectividadEcologica" BUSINESS;FEATURE</Process><Process ToolSource="C:\Program Files (x86)\ArcGIS\Desktop10.0\ArcToolbox\Toolboxes\Data Management Tools.tbx\Analyze" Date="20151226" Time="113420">Analyze "Database Connections\zeus4_ATLAS_SDE_DIRECT.sde\SITE.POT_Acuerdo48_2014\SITE.RedConectividadEcologica" BUSINESS;FEATURE</Process><Process ToolSource="C:\Program Files (x86)\ArcGIS\Desktop10.0\ArcToolbox\Toolboxes\Data Management Tools.tbx\Analyze" Date="20160102" Time="102657">Analyze "Database Connections\zeus4_ATLAS_SDE_DIRECT.sde\SITE.POT_Acuerdo48_2014\SITE.RedConectividadEcologica" BUSINESS;FEATURE</Process><Process ToolSource="C:\Program Files (x86)\ArcGIS\Desktop10.0\ArcToolbox\Toolboxes\Data Management Tools.tbx\Analyze" Date="20160109" Time="191738">Analyze "Database Connections\zeus4_ATLAS_SDE_DIRECT.sde\SITE.POT_Acuerdo48_2014\SITE.RedConectividadEcologica" BUSINESS;FEATURE</Process><Process ToolSource="C:\Program Files (x86)\ArcGIS\Desktop10.0\ArcToolbox\Toolboxes\Data Management Tools.tbx\Analyze" Date="20160116" Time="100646">Analyze "Database Connections\zeus4_ATLAS_SDE_DIRECT.sde\SITE.POT_Acuerdo48_2014\SITE.RedConectividadEcologica" BUSINESS;FEATURE</Process><Process ToolSource="C:\Program Files (x86)\ArcGIS\Desktop10.0\ArcToolbox\Toolboxes\Data Management Tools.tbx\Analyze" Date="20160123" Time="103055">Analyze "Database Connections\zeus4_ATLAS_SDE_DIRECT.sde\SITE.POT_Acuerdo48_2014\SITE.RedConectividadEcologica" BUSINESS;FEATURE</Process><Process ToolSource="C:\Program Files (x86)\ArcGIS\Desktop10.0\ArcToolbox\Toolboxes\Data Management Tools.tbx\Analyze" Date="20160130" Time="100018">Analyze "Database Connections\zeus4_ATLAS_SDE_DIRECT.sde\SITE.POT_Acuerdo48_2014\SITE.RedConectividadEcologica" BUSINESS;FEATURE</Process><Process ToolSource="C:\Program Files (x86)\ArcGIS\Desktop10.0\ArcToolbox\Toolboxes\Data Management Tools.tbx\Analyze" Date="20160206" Time="103009">Analyze "Database Connections\zeus4_ATLAS_SDE_DIRECT.sde\SITE.POT_Acuerdo48_2014\SITE.RedConectividadEcologica" BUSINESS;FEATURE</Process><Process ToolSource="C:\Program Files (x86)\ArcGIS\Desktop10.0\ArcToolbox\Toolboxes\Data Management Tools.tbx\Analyze" Date="20160213" Time="093821">Analyze "Database Connections\zeus4_ATLAS_SDE_DIRECT.sde\SITE.POT_Acuerdo48_2014\SITE.RedConectividadEcologica" BUSINESS;FEATURE</Process><Process ToolSource="C:\Program Files (x86)\ArcGIS\Desktop10.0\ArcToolbox\Toolboxes\Data Management Tools.tbx\Analyze" Date="20160220" Time="100819">Analyze "Database Connections\zeus4_ATLAS_SDE_DIRECT.sde\SITE.POT_Acuerdo48_2014\SITE.RedConectividadEcologica" BUSINESS;FEATURE</Process><Process ToolSource="C:\Program Files (x86)\ArcGIS\Desktop10.0\ArcToolbox\Toolboxes\Data Management Tools.tbx\Analyze" Date="20160227" Time="101937">Analyze "Database Connections\zeus4_ATLAS_SDE_DIRECT.sde\SITE.POT_Acuerdo48_2014\SITE.RedConectividadEcologica" BUSINESS;FEATURE</Process><Process ToolSource="C:\Program Files (x86)\ArcGIS\Desktop10.0\ArcToolbox\Toolboxes\Data Management Tools.tbx\Analyze" Date="20160305" Time="102711">Analyze "Database Connections\zeus4_ATLAS_SDE_DIRECT.sde\SITE.POT_Acuerdo48_2014\SITE.RedConectividadEcologica" BUSINESS;FEATURE</Process><Process ToolSource="C:\Program Files (x86)\ArcGIS\Desktop10.0\ArcToolbox\Toolboxes\Data Management Tools.tbx\Analyze" Date="20160312" Time="093849">Analyze "Database Connections\zeus4_ATLAS_SDE_DIRECT.sde\SITE.POT_Acuerdo48_2014\SITE.RedConectividadEcologica" BUSINESS;FEATURE</Process><Process ToolSource="C:\Program Files (x86)\ArcGIS\Desktop10.0\ArcToolbox\Toolboxes\Data Management Tools.tbx\Analyze" Date="20160319" Time="094613">Analyze "Database Connections\zeus4_ATLAS_SDE_DIRECT.sde\SITE.POT_Acuerdo48_2014\SITE.RedConectividadEcologica" BUSINESS;FEATURE</Process><Process ToolSource="C:\Program Files (x86)\ArcGIS\Desktop10.0\ArcToolbox\Toolboxes\Data Management Tools.tbx\Analyze" Date="20160326" Time="094417">Analyze "Database Connections\zeus4_ATLAS_SDE_DIRECT.sde\SITE.POT_Acuerdo48_2014\SITE.RedConectividadEcologica" BUSINESS;FEATURE</Process><Process ToolSource="C:\Program Files (x86)\ArcGIS\Desktop10.0\ArcToolbox\Toolboxes\Data Management Tools.tbx\Analyze" Date="20160402" Time="094418">Analyze "Database Connections\zeus4_ATLAS_SDE_DIRECT.sde\SITE.POT_Acuerdo48_2014\SITE.RedConectividadEcologica" BUSINESS;FEATURE</Process><Process ToolSource="C:\Program Files (x86)\ArcGIS\Desktop10.0\ArcToolbox\Toolboxes\Data Management Tools.tbx\Analyze" Date="20160409" Time="095740">Analyze "Database Connections\zeus4_ATLAS_SDE_DIRECT.sde\SITE.POT_Acuerdo48_2014\SITE.RedConectividadEcologica" BUSINESS;FEATURE</Process><Process ToolSource="C:\Program Files (x86)\ArcGIS\Desktop10.0\ArcToolbox\Toolboxes\Data Management Tools.tbx\Analyze" Date="20160416" Time="095622">Analyze "Database Connections\zeus4_ATLAS_SDE_DIRECT.sde\SITE.POT_Acuerdo48_2014\SITE.RedConectividadEcologica" BUSINESS;FEATURE</Process><Process ToolSource="C:\Program Files (x86)\ArcGIS\Desktop10.0\ArcToolbox\Toolboxes\Data Management Tools.tbx\Analyze" Date="20160423" Time="100424">Analyze "Database Connections\zeus4_ATLAS_SDE_DIRECT.sde\SITE.POT_Acuerdo48_2014\SITE.RedConectividadEcologica" BUSINESS;FEATURE</Process><Process ToolSource="C:\Program Files (x86)\ArcGIS\Desktop10.0\ArcToolbox\Toolboxes\Data Management Tools.tbx\Analyze" Date="20160430" Time="100458">Analyze "Database Connections\zeus4_ATLAS_SDE_DIRECT.sde\SITE.POT_Acuerdo48_2014\SITE.RedConectividadEcologica" BUSINESS;FEATURE</Process><Process ToolSource="C:\Program Files (x86)\ArcGIS\Desktop10.0\ArcToolbox\Toolboxes\Data Management Tools.tbx\Analyze" Date="20160507" Time="101007">Analyze "Database Connections\zeus4_ATLAS_SDE_DIRECT.sde\SITE.POT_Acuerdo48_2014\SITE.RedConectividadEcologica" BUSINESS;FEATURE</Process><Process ToolSource="C:\Program Files (x86)\ArcGIS\Desktop10.0\ArcToolbox\Toolboxes\Data Management Tools.tbx\Analyze" Date="20160514" Time="100355">Analyze "Database Connections\zeus4_ATLAS_SDE_DIRECT.sde\SITE.POT_Acuerdo48_2014\SITE.RedConectividadEcologica" BUSINESS;FEATURE</Process><Process ToolSource="C:\Program Files (x86)\ArcGIS\Desktop10.0\ArcToolbox\Toolboxes\Data Management Tools.tbx\Analyze" Date="20160521" Time="231826">Analyze "Database Connections\zeus4_ATLAS_SDE_DIRECT.sde\SITE.POT_Acuerdo48_2014\SITE.RedConectividadEcologica" BUSINESS;FEATURE</Process><Process ToolSource="C:\Program Files (x86)\ArcGIS\Desktop10.0\ArcToolbox\Toolboxes\Data Management Tools.tbx\Analyze" Date="20160528" Time="120704">Analyze "Database Connections\zeus4_ATLAS_SDE_DIRECT.sde\SITE.POT_Acuerdo48_2014\SITE.RedConectividadEcologica" BUSINESS;FEATURE</Process><Process ToolSource="C:\Program Files (x86)\ArcGIS\Desktop10.0\ArcToolbox\Toolboxes\Data Management Tools.tbx\Analyze" Date="20160604" Time="110718">Analyze "Database Connections\zeus4_ATLAS_SDE_DIRECT.sde\SITE.POT_Acuerdo48_2014\SITE.RedConectividadEcologica" BUSINESS;FEATURE</Process><Process ToolSource="C:\Program Files (x86)\ArcGIS\Desktop10.0\ArcToolbox\Toolboxes\Data Management Tools.tbx\Analyze" Date="20160611" Time="114057">Analyze "Database Connections\zeus4_ATLAS_SDE_DIRECT.sde\SITE.POT_Acuerdo48_2014\SITE.RedConectividadEcologica" BUSINESS;FEATURE</Process><Process ToolSource="c:\program files (x86)\arcgis\desktop10.2\ArcToolbox\Toolboxes\Data Management Tools.tbx\CalculateField" Date="20161210" Time="140355">CalculateField RedConectividadEcologica ON_ZOOM "2" VB #</Process></lineage><itemProps><itemName Sync="TRUE">RedConectividadEcologica</itemName><imsContentType Sync="TRUE">002</imsContentType><itemLocation><linkage Sync="TRUE">file://\\orfeo\SUBD_INFORMACION\SIG_Planeación de la Información\GrupoSIG2016\Capas POT Acuerdo 48 Shapefile\RedConectividadEcologica.shp</linkage><protocol Sync="TRUE">Local Area Network</protocol></itemLocation><itemSize Sync="TRUE">0.000</itemSize></itemProps><coordRef><type Sync="TRUE">Projected</type><geogcsn Sync="TRUE">GCS_MAG_Ant_Medellin</geogcsn><csUnits Sync="TRUE">Linear Unit: Meter (1.000000)</csUnits><projcsn Sync="TRUE">PCS_MAG_Ant_Medellin</projcsn><peXml Sync="TRUE">&lt;ProjectedCoordinateSystem xsi:type='typens:ProjectedCoordinateSystem' xmlns:xsi='http://www.w3.org/2001/XMLSchema-instance' xmlns:xs='http://www.w3.org/2001/XMLSchema' xmlns:typens='http://www.esri.com/schemas/ArcGIS/10.1'&gt;&lt;WKT&gt;PROJCS[&amp;quot;PCS_MAG_Ant_Medellin&amp;quot;,GEOGCS[&amp;quot;GCS_MAG_Ant_Medellin&amp;quot;,DATUM[&amp;quot;D_DAT_MAG_Ant_Medellin&amp;quot;,SPHEROID[&amp;quot;GRS1980_MAG_Ant_Medellin&amp;quot;,6379647.0,298.257222101]],PRIMEM[&amp;quot;Greenwich&amp;quot;,0.0],UNIT[&amp;quot;Degree&amp;quot;,0.0174532925199433]],PROJECTION[&amp;quot;Transverse_Mercator&amp;quot;],PARAMETER[&amp;quot;False_Easting&amp;quot;,835378.647],PARAMETER[&amp;quot;False_Northing&amp;quot;,1180816.875],PARAMETER[&amp;quot;Central_Meridian&amp;quot;,-75.56488694],PARAMETER[&amp;quot;Scale_Factor&amp;quot;,1.0],PARAMETER[&amp;quot;Latitude_Of_Origin&amp;quot;,6.229208889],UNIT[&amp;quot;Meter&amp;quot;,1.0]]&lt;/WKT&gt;&lt;XOrigin&gt;-4789100&lt;/XOrigin&gt;&lt;YOrigin&gt;-9512600&lt;/YOrigin&gt;&lt;XYScale&gt;450159641.69649458&lt;/XYScale&gt;&lt;ZOrigin&gt;-100000&lt;/ZOrigin&gt;&lt;ZScale&gt;10000&lt;/ZScale&gt;&lt;MOrigin&gt;-100000&lt;/MOrigin&gt;&lt;MScale&gt;10000&lt;/MScale&gt;&lt;XYTolerance&gt;0.001&lt;/XYTolerance&gt;&lt;ZTolerance&gt;0.001&lt;/ZTolerance&gt;&lt;MTolerance&gt;0.001&lt;/MTolerance&gt;&lt;HighPrecision&gt;true&lt;/HighPrecision&gt;&lt;/ProjectedCoordinateSystem&gt;</peXml></coordRef></DataProperties><SyncDate>20160615</SyncDate><SyncTime>10025800</SyncTime><ModDate>20160615</ModDate><ModTime>10025800</ModTime></Esri><dataIdInfo><envirDesc Sync="TRUE">Microsoft Windows 7 Version 6.1 (Build 7601) Service Pack 1; Esri ArcGIS 10.2.2.3552</envirDesc><dataLang><languageCode value="spa" Sync="TRUE"></languageCode><countryCode value="COL" Sync="TRUE"></countryCode></dataLang><idCitation><resTitle Sync="TRUE">RedConectividadEcologica</resTitle><presForm><PresFormCd value="005" Sync="TRUE"></PresFormCd></presForm></idCitation><spatRpType><SpatRepTypCd value="001" Sync="TRUE"></SpatRepTypCd></spatRpType></dataIdInfo><mdLang><languageCode value="spa" Sync="TRUE"></languageCode><countryCode value="COL" Sync="TRUE"></countryCode></mdLang><distInfo><distFormat><formatName Sync="TRUE">Shapefile</formatName></distFormat><distTranOps><transSize Sync="TRUE">0.000</transSize></distTranOps></distInfo><mdHrLv><ScopeCd value="005" Sync="TRUE"></ScopeCd></mdHrLv><mdHrLvName Sync="TRUE">dataset</mdHrLvName><refSysInfo><RefSystem><refSysID><identCode code="0" Sync="TRUE"></identCode></refSysID></RefSystem></refSysInfo><spatRepInfo><VectSpatRep><geometObjs Name="RedConectividadEcologica"><geoObjTyp><GeoObjTypCd value="002" Sync="TRUE"></GeoObjTypCd></geoObjTyp><geoObjCnt Sync="TRUE">0</geoObjCnt></geometObjs><topLvl><TopoLevCd value="001" Sync="TRUE"></TopoLevCd></topLvl></VectSpatRep></spatRepInfo><spdoinfo><ptvctinf><esriterm Name="RedConectividadEcologica"><efeatyp Sync="TRUE">Simple</efeatyp><efeageom code="4" Sync="TRUE"></efeageom><esritopo Sync="TRUE">FALSE</esritopo><efeacnt Sync="TRUE">0</efeacnt><spindex Sync="TRUE">FALSE</spindex><linrefer Sync="TRUE">FALSE</linrefer></esriterm></ptvctinf></spdoinfo><eainfo><detailed Name="RedConectividadEcologica"><enttyp><enttypl Sync="TRUE">RedConectividadEcologica</enttypl><enttypt Sync="TRUE">Feature Class</enttypt><enttypc Sync="TRUE">0</enttypc></enttyp><attr><attrlabl Sync="TRUE">FID</attrlabl><attalias Sync="TRUE">FID</attalias><attrtype Sync="TRUE">OID</attrtype><attwidth Sync="TRUE">4</attwidth><atprecis Sync="TRUE">0</atprecis><attscale Sync="TRUE">0</attscale><attrdef Sync="TRUE">Internal feature number.</attrdef><attrdefs Sync="TRUE">Esri</attrdefs><attrdomv><udom Sync="TRUE">Sequential unique whole numbers that are automatically generated.</udom></attrdomv></attr><attr><attrlabl Sync="TRUE">TIPO</attrlabl><attalias Sync="TRUE">TIPO</attalias><attrtype Sync="TRUE">String</attrtype><attwidth Sync="TRUE">20</attwidth><atprecis Sync="TRUE">0</atprecis><attscale Sync="TRUE">0</attscale></attr><attr><attrlabl Sync="TRUE">ELEMENTO</attrlabl><attalias Sync="TRUE">ELEMENTO</attalias><attrtype Sync="TRUE">String</attrtype><attwidth Sync="TRUE">50</attwidth><atprecis Sync="TRUE">0</atprecis><attscale Sync="TRUE">0</attscale></attr><attr><attrlabl Sync="TRUE">CORREDOR_S</attrlabl><attalias Sync="TRUE">CORREDOR_S</attalias><attrtype Sync="TRUE">String</attrtype><attwidth Sync="TRUE">200</attwidth><atprecis Sync="TRUE">0</atprecis><attscale Sync="TRUE">0</attscale></attr><attr><attrlabl Sync="TRUE">NOMBRE_ARE</attrlabl><attalias Sync="TRUE">NOMBRE_ARE</attalias><attrtype Sync="TRUE">String</attrtype><attwidth Sync="TRUE">50</attwidth><atprecis Sync="TRUE">0</atprecis><attscale Sync="TRUE">0</attscale></attr><attr><attrlabl Sync="TRUE">SHAPE</attrlabl><attalias Sync="TRUE">Shape</attalias><attrtype Sync="TRUE">Geometry</attrtype><attwidth Sync="TRUE">0</attwidth><atprecis Sync="TRUE">0</atprecis><attscale Sync="TRUE">0</attscale><attrdef Sync="TRUE">Feature geometry.</attrdef><attrdefs Sync="TRUE">ESRI</attrdefs><attrdomv><udom Sync="TRUE">Coordinates defining the features.</udom></attrdomv></attr><attr><attrlabl Sync="TRUE">CATEGORIA_</attrlabl><attalias Sync="TRUE">CATEGORIA_</attalias><attrtype Sync="TRUE">String</attrtype><attwidth Sync="TRUE">100</attwidth><atprecis Sync="TRUE">0</atprecis><attscale Sync="TRUE">0</attscale></attr><attr><attrlabl Sync="TRUE">SUBCATEGOR</attrlabl><attalias Sync="TRUE">SUBCATEGOR</attalias><attrtype Sync="TRUE">String</attrtype><attwidth Sync="TRUE">100</attwidth><atprecis Sync="TRUE">0</atprecis><attscale Sync="TRUE">0</attscale></attr><attr><attrlabl Sync="TRUE">SHAPE_Leng</attrlabl><attalias Sync="TRUE">SHAPE_Leng</attalias><attrtype Sync="TRUE">Double</attrtype><attwidth Sync="TRUE">19</attwidth><atprecis Sync="TRUE">0</atprecis><attscale Sync="TRUE">0</attscale></attr><attr><attrlabl Sync="TRUE">SHAPE_Area</attrlabl><attalias Sync="TRUE">SHAPE_Area</attalias><attrtype Sync="TRUE">Double</attrtype><attwidth Sync="TRUE">19</attwidth><atprecis Sync="TRUE">0</atprecis><attscale Sync="TRUE">0</attscale><attrdef Sync="TRUE">Area of feature in internal units squared.</attrdef><attrdefs Sync="TRUE">Esri</attrdefs><attrdomv><udom Sync="TRUE">Positive real numbers that are automatically generated.</udom></attrdomv></attr></detailed></eainfo><mdDateSt Sync="TRUE">20160615</mdDateSt></metadata>
