<?xml version="1.0" encoding="UTF-8"?>
<metadata xml:lang="es"><Esri><CreaDate>20161210</CreaDate><CreaTime>12485200</CreaTime><ArcGISFormat>1.0</ArcGISFormat><SyncOnce>TRUE</SyncOnce><DataProperties><lineage><Process ToolSource="c:\program files (x86)\arcgis\desktop10.2\ArcToolbox\Toolboxes\Data Management Tools.tbx\CalculateField" Date="20161210" Time="124733">CalculateField Sitios_de_aprovechamiento_de_residuos_sólidos ON_ZOOM "1" VB #</Process></lineage></DataProperties></Esri></metadata>
