<metadata xml:lang="es"><Esri><CreaDate>20151229</CreaDate><CreaTime>20021500</CreaTime><ArcGISFormat>1.0</ArcGISFormat><SyncOnce>FALSE</SyncOnce><DataProperties><lineage><Process ToolSource="C:\Program Files (x86)\ArcGIS\Desktop10.0\ArcToolbox\Toolboxes\Data Management Tools.tbx\Analyze" Date="20150815" Time="115431">Analyze "Database Connections\zeus4_ATLAS_SDE_DIRECT.sde\SITE.POT_Acuerdo48_2014\SITE.Retiros" BUSINESS;FEATURE</Process><Process ToolSource="C:\Program Files (x86)\ArcGIS\Desktop10.0\ArcToolbox\Toolboxes\Data Management Tools.tbx\Analyze" Date="20150822" Time="084245">Analyze "Database Connections\zeus4_ATLAS_SDE_DIRECT.sde\SITE.POT_Acuerdo48_2014\SITE.Retiros" BUSINESS;FEATURE</Process><Process ToolSource="C:\Program Files (x86)\ArcGIS\Desktop10.0\ArcToolbox\Toolboxes\Data Management Tools.tbx\Analyze" Date="20150829" Time="112126">Analyze "Database Connections\zeus4_ATLAS_SDE_DIRECT.sde\SITE.POT_Acuerdo48_2014\SITE.Retiros" BUSINESS;FEATURE</Process><Process ToolSource="C:\Program Files (x86)\ArcGIS\Desktop10.0\ArcToolbox\Toolboxes\Data Management Tools.tbx\Analyze" Date="20150905" Time="112312">Analyze "Database Connections\zeus4_ATLAS_SDE_DIRECT.sde\SITE.POT_Acuerdo48_2014\SITE.Retiros" BUSINESS;FEATURE</Process><Process ToolSource="C:\Program Files (x86)\ArcGIS\Desktop10.0\ArcToolbox\Toolboxes\Data Management Tools.tbx\Analyze" Date="20150912" Time="102203">Analyze "Database Connections\zeus4_ATLAS_SDE_DIRECT.sde\SITE.POT_Acuerdo48_2014\SITE.Retiros" BUSINESS;FEATURE</Process><Process ToolSource="C:\Program Files (x86)\ArcGIS\Desktop10.0\ArcToolbox\Toolboxes\Data Management Tools.tbx\Analyze" Date="20150919" Time="110802">Analyze "Database Connections\zeus4_ATLAS_SDE_DIRECT.sde\SITE.POT_Acuerdo48_2014\SITE.Retiros" BUSINESS;FEATURE</Process><Process ToolSource="C:\Program Files (x86)\ArcGIS\Desktop10.0\ArcToolbox\Toolboxes\Data Management Tools.tbx\Analyze" Date="20150926" Time="113115">Analyze "Database Connections\zeus4_ATLAS_SDE_DIRECT.sde\SITE.POT_Acuerdo48_2014\SITE.Retiros" BUSINESS;FEATURE</Process><Process ToolSource="C:\Program Files (x86)\ArcGIS\Desktop10.0\ArcToolbox\Toolboxes\Data Management Tools.tbx\Analyze" Date="20151003" Time="114836">Analyze "Database Connections\zeus4_ATLAS_SDE_DIRECT.sde\SITE.POT_Acuerdo48_2014\SITE.Retiros" BUSINESS;FEATURE</Process><Process ToolSource="C:\Program Files (x86)\ArcGIS\Desktop10.0\ArcToolbox\Toolboxes\Data Management Tools.tbx\Analyze" Date="20151010" Time="112627">Analyze "Database Connections\zeus4_ATLAS_SDE_DIRECT.sde\SITE.POT_Acuerdo48_2014\SITE.Retiros" BUSINESS;FEATURE</Process><Process ToolSource="C:\Program Files (x86)\ArcGIS\Desktop10.0\ArcToolbox\Toolboxes\Data Management Tools.tbx\Analyze" Date="20151017" Time="110450">Analyze "Database Connections\zeus4_ATLAS_SDE_DIRECT.sde\SITE.POT_Acuerdo48_2014\SITE.Retiros" BUSINESS;FEATURE</Process><Process ToolSource="C:\Program Files (x86)\ArcGIS\Desktop10.0\ArcToolbox\Toolboxes\Data Management Tools.tbx\Analyze" Date="20151024" Time="112234">Analyze "Database Connections\zeus4_ATLAS_SDE_DIRECT.sde\SITE.POT_Acuerdo48_2014\SITE.Retiros" BUSINESS;FEATURE</Process><Process ToolSource="C:\Program Files (x86)\ArcGIS\Desktop10.0\ArcToolbox\Toolboxes\Data Management Tools.tbx\Analyze" Date="20151031" Time="125026">Analyze "Database Connections\zeus4_ATLAS_SDE_DIRECT.sde\SITE.POT_Acuerdo48_2014\SITE.Retiros" BUSINESS;FEATURE</Process><Process ToolSource="C:\Program Files (x86)\ArcGIS\Desktop10.0\ArcToolbox\Toolboxes\Data Management Tools.tbx\Analyze" Date="20151107" Time="122844">Analyze "Database Connections\zeus4_ATLAS_SDE_DIRECT.sde\SITE.POT_Acuerdo48_2014\SITE.Retiros" BUSINESS;FEATURE</Process><Process ToolSource="C:\Program Files (x86)\ArcGIS\Desktop10.0\ArcToolbox\Toolboxes\Data Management Tools.tbx\Analyze" Date="20151114" Time="131426">Analyze "Database Connections\zeus4_ATLAS_SDE_DIRECT.sde\SITE.POT_Acuerdo48_2014\SITE.Retiros" BUSINESS;FEATURE</Process><Process ToolSource="C:\Program Files (x86)\ArcGIS\Desktop10.0\ArcToolbox\Toolboxes\Data Management Tools.tbx\Analyze" Date="20151121" Time="120326">Analyze "Database Connections\zeus4_ATLAS_SDE_DIRECT.sde\SITE.POT_Acuerdo48_2014\SITE.Retiros" BUSINESS;FEATURE</Process><Process ToolSource="C:\Program Files (x86)\ArcGIS\Desktop10.0\ArcToolbox\Toolboxes\Data Management Tools.tbx\Analyze" Date="20151128" Time="130216">Analyze "Database Connections\zeus4_ATLAS_SDE_DIRECT.sde\SITE.POT_Acuerdo48_2014\SITE.Retiros" BUSINESS;FEATURE</Process><Process Name="Add Field (25)" ToolSource="C:\Program Files (x86)\ArcGIS\Desktop10.0\ArcToolbox\Toolboxes\Data Management Tools.tbx\AddField" Date="20151203" Time="155852">AddField "Database Connections\zeus4_ATLAS_SITE.sde\SITE.POT_Acuerdo48_2014\SITE.Retiros" CATEGORIA_PROTECCION TEXT # # 100 # NULLABLE NON_REQUIRED #</Process><Process Name="Add Field (26)" ToolSource="C:\Program Files (x86)\ArcGIS\Desktop10.0\ArcToolbox\Toolboxes\Data Management Tools.tbx\AddField" Date="20151203" Time="155852">AddField "Database Connections\zeus4_ATLAS_SITE.sde\SITE.POT_Acuerdo48_2014\SITE.Retiros" SUBCATEGORIA_PROTECCION TEXT # # 100 # NULLABLE NON_REQUIRED #</Process><Process ToolSource="C:\Program Files (x86)\ArcGIS\Desktop10.0\ArcToolbox\Toolboxes\Data Management Tools.tbx\Analyze" Date="20151205" Time="121443">Analyze "Database Connections\zeus4_ATLAS_SDE_DIRECT.sde\SITE.POT_Acuerdo48_2014\SITE.Retiros" BUSINESS;FEATURE</Process><Process ToolSource="C:\Program Files (x86)\ArcGIS\Desktop10.0\ArcToolbox\Toolboxes\Data Management Tools.tbx\Analyze" Date="20151212" Time="122613">Analyze "Database Connections\zeus4_ATLAS_SDE_DIRECT.sde\SITE.POT_Acuerdo48_2014\SITE.Retiros" BUSINESS;FEATURE</Process><Process ToolSource="C:\Program Files (x86)\ArcGIS\Desktop10.0\ArcToolbox\Toolboxes\Data Management Tools.tbx\Analyze" Date="20151219" Time="191903">Analyze "Database Connections\zeus4_ATLAS_SDE_DIRECT.sde\SITE.POT_Acuerdo48_2014\SITE.Retiros" BUSINESS;FEATURE</Process><Process ToolSource="C:\Program Files (x86)\ArcGIS\Desktop10.0\ArcToolbox\Toolboxes\Data Management Tools.tbx\Analyze" Date="20151226" Time="115215">Analyze "Database Connections\zeus4_ATLAS_SDE_DIRECT.sde\SITE.POT_Acuerdo48_2014\SITE.Retiros" BUSINESS;FEATURE</Process><Process ToolSource="C:\Program Files (x86)\ArcGIS\Desktop10.0\ArcToolbox\Toolboxes\Data Management Tools.tbx\Analyze" Date="20160102" Time="102014">Analyze "Database Connections\zeus4_ATLAS_SDE_DIRECT.sde\SITE.POT_Acuerdo48_2014\SITE.Retiros" BUSINESS;FEATURE</Process><Process ToolSource="C:\Program Files (x86)\ArcGIS\Desktop10.0\ArcToolbox\Toolboxes\Data Management Tools.tbx\Analyze" Date="20160109" Time="183926">Analyze "Database Connections\zeus4_ATLAS_SDE_DIRECT.sde\SITE.POT_Acuerdo48_2014\SITE.Retiros" BUSINESS;FEATURE</Process><Process ToolSource="C:\Program Files (x86)\ArcGIS\Desktop10.0\ArcToolbox\Toolboxes\Data Management Tools.tbx\Analyze" Date="20160116" Time="100009">Analyze "Database Connections\zeus4_ATLAS_SDE_DIRECT.sde\SITE.POT_Acuerdo48_2014\SITE.Retiros" BUSINESS;FEATURE</Process><Process ToolSource="C:\Program Files (x86)\ArcGIS\Desktop10.0\ArcToolbox\Toolboxes\Data Management Tools.tbx\Analyze" Date="20160123" Time="102411">Analyze "Database Connections\zeus4_ATLAS_SDE_DIRECT.sde\SITE.POT_Acuerdo48_2014\SITE.Retiros" BUSINESS;FEATURE</Process><Process ToolSource="C:\Program Files (x86)\ArcGIS\Desktop10.0\ArcToolbox\Toolboxes\Data Management Tools.tbx\Analyze" Date="20160130" Time="095353">Analyze "Database Connections\zeus4_ATLAS_SDE_DIRECT.sde\SITE.POT_Acuerdo48_2014\SITE.Retiros" BUSINESS;FEATURE</Process><Process ToolSource="C:\Program Files (x86)\ArcGIS\Desktop10.0\ArcToolbox\Toolboxes\Data Management Tools.tbx\Analyze" Date="20160206" Time="102325">Analyze "Database Connections\zeus4_ATLAS_SDE_DIRECT.sde\SITE.POT_Acuerdo48_2014\SITE.Retiros" BUSINESS;FEATURE</Process><Process ToolSource="C:\Program Files (x86)\ArcGIS\Desktop10.0\ArcToolbox\Toolboxes\Data Management Tools.tbx\Analyze" Date="20160213" Time="093213">Analyze "Database Connections\zeus4_ATLAS_SDE_DIRECT.sde\SITE.POT_Acuerdo48_2014\SITE.Retiros" BUSINESS;FEATURE</Process><Process ToolSource="C:\Program Files (x86)\ArcGIS\Desktop10.0\ArcToolbox\Toolboxes\Data Management Tools.tbx\Analyze" Date="20160220" Time="100150">Analyze "Database Connections\zeus4_ATLAS_SDE_DIRECT.sde\SITE.POT_Acuerdo48_2014\SITE.Retiros" BUSINESS;FEATURE</Process><Process ToolSource="C:\Program Files (x86)\ArcGIS\Desktop10.0\ArcToolbox\Toolboxes\Data Management Tools.tbx\Analyze" Date="20160227" Time="101302">Analyze "Database Connections\zeus4_ATLAS_SDE_DIRECT.sde\SITE.POT_Acuerdo48_2014\SITE.Retiros" BUSINESS;FEATURE</Process><Process ToolSource="C:\Program Files (x86)\ArcGIS\Desktop10.0\ArcToolbox\Toolboxes\Data Management Tools.tbx\Analyze" Date="20160305" Time="102026">Analyze "Database Connections\zeus4_ATLAS_SDE_DIRECT.sde\SITE.POT_Acuerdo48_2014\SITE.Retiros" BUSINESS;FEATURE</Process><Process ToolSource="C:\Program Files (x86)\ArcGIS\Desktop10.0\ArcToolbox\Toolboxes\Data Management Tools.tbx\Analyze" Date="20160312" Time="093221">Analyze "Database Connections\zeus4_ATLAS_SDE_DIRECT.sde\SITE.POT_Acuerdo48_2014\SITE.Retiros" BUSINESS;FEATURE</Process><Process ToolSource="C:\Program Files (x86)\ArcGIS\Desktop10.0\ArcToolbox\Toolboxes\Data Management Tools.tbx\Analyze" Date="20160319" Time="093911">Analyze "Database Connections\zeus4_ATLAS_SDE_DIRECT.sde\SITE.POT_Acuerdo48_2014\SITE.Retiros" BUSINESS;FEATURE</Process><Process ToolSource="C:\Program Files (x86)\ArcGIS\Desktop10.0\ArcToolbox\Toolboxes\Data Management Tools.tbx\Analyze" Date="20160326" Time="093735">Analyze "Database Connections\zeus4_ATLAS_SDE_DIRECT.sde\SITE.POT_Acuerdo48_2014\SITE.Retiros" BUSINESS;FEATURE</Process><Process ToolSource="C:\Program Files (x86)\ArcGIS\Desktop10.0\ArcToolbox\Toolboxes\Data Management Tools.tbx\Analyze" Date="20160402" Time="093730">Analyze "Database Connections\zeus4_ATLAS_SDE_DIRECT.sde\SITE.POT_Acuerdo48_2014\SITE.Retiros" BUSINESS;FEATURE</Process><Process ToolSource="C:\Program Files (x86)\ArcGIS\Desktop10.0\ArcToolbox\Toolboxes\Data Management Tools.tbx\Analyze" Date="20160409" Time="095051">Analyze "Database Connections\zeus4_ATLAS_SDE_DIRECT.sde\SITE.POT_Acuerdo48_2014\SITE.Retiros" BUSINESS;FEATURE</Process><Process ToolSource="C:\Program Files (x86)\ArcGIS\Desktop10.0\ArcToolbox\Toolboxes\Data Management Tools.tbx\Analyze" Date="20160416" Time="094932">Analyze "Database Connections\zeus4_ATLAS_SDE_DIRECT.sde\SITE.POT_Acuerdo48_2014\SITE.Retiros" BUSINESS;FEATURE</Process><Process ToolSource="C:\Program Files (x86)\ArcGIS\Desktop10.0\ArcToolbox\Toolboxes\Data Management Tools.tbx\Analyze" Date="20160423" Time="095713">Analyze "Database Connections\zeus4_ATLAS_SDE_DIRECT.sde\SITE.POT_Acuerdo48_2014\SITE.Retiros" BUSINESS;FEATURE</Process><Process ToolSource="C:\Program Files (x86)\ArcGIS\Desktop10.0\ArcToolbox\Toolboxes\Data Management Tools.tbx\Analyze" Date="20160430" Time="095822">Analyze "Database Connections\zeus4_ATLAS_SDE_DIRECT.sde\SITE.POT_Acuerdo48_2014\SITE.Retiros" BUSINESS;FEATURE</Process><Process ToolSource="C:\Program Files (x86)\ArcGIS\Desktop10.0\ArcToolbox\Toolboxes\Data Management Tools.tbx\Analyze" Date="20160507" Time="100326">Analyze "Database Connections\zeus4_ATLAS_SDE_DIRECT.sde\SITE.POT_Acuerdo48_2014\SITE.Retiros" BUSINESS;FEATURE</Process><Process ToolSource="C:\Program Files (x86)\ArcGIS\Desktop10.0\ArcToolbox\Toolboxes\Data Management Tools.tbx\Analyze" Date="20160514" Time="095724">Analyze "Database Connections\zeus4_ATLAS_SDE_DIRECT.sde\SITE.POT_Acuerdo48_2014\SITE.Retiros" BUSINESS;FEATURE</Process><Process ToolSource="C:\Program Files (x86)\ArcGIS\Desktop10.0\ArcToolbox\Toolboxes\Data Management Tools.tbx\Analyze" Date="20160521" Time="231152">Analyze "Database Connections\zeus4_ATLAS_SDE_DIRECT.sde\SITE.POT_Acuerdo48_2014\SITE.Retiros" BUSINESS;FEATURE</Process><Process ToolSource="C:\Program Files (x86)\ArcGIS\Desktop10.0\ArcToolbox\Toolboxes\Data Management Tools.tbx\Analyze" Date="20160528" Time="120217">Analyze "Database Connections\zeus4_ATLAS_SDE_DIRECT.sde\SITE.POT_Acuerdo48_2014\SITE.Retiros" BUSINESS;FEATURE</Process><Process ToolSource="C:\Program Files (x86)\ArcGIS\Desktop10.0\ArcToolbox\Toolboxes\Data Management Tools.tbx\Analyze" Date="20160604" Time="110237">Analyze "Database Connections\zeus4_ATLAS_SDE_DIRECT.sde\SITE.POT_Acuerdo48_2014\SITE.Retiros" BUSINESS;FEATURE</Process><Process ToolSource="C:\Program Files (x86)\ArcGIS\Desktop10.0\ArcToolbox\Toolboxes\Data Management Tools.tbx\Analyze" Date="20160611" Time="113553">Analyze "Database Connections\zeus4_ATLAS_SDE_DIRECT.sde\SITE.POT_Acuerdo48_2014\SITE.Retiros" BUSINESS;FEATURE</Process><Process ToolSource="c:\program files (x86)\arcgis\desktop10.2\ArcToolbox\Toolboxes\Data Management Tools.tbx\CalculateField" Date="20161210" Time="140004">CalculateField Retiros ON_ZOOM "2" VB #</Process></lineage><itemProps><itemLocation><linkage Sync="TRUE">file://\\orfeo\SUBD_INFORMACION\SIG_Planeación de la Información\GrupoSIG2016\Capas POT Acuerdo 48 Shapefile\Retiros.shp</linkage><protocol Sync="TRUE">Local Area Network</protocol></itemLocation><itemName Sync="TRUE">Retiros</itemName><imsContentType Sync="TRUE">002</imsContentType><itemSize Sync="TRUE">0.000</itemSize></itemProps><coordRef><type Sync="TRUE">Projected</type><geogcsn Sync="TRUE">GCS_MAG_Ant_Medellin</geogcsn><csUnits Sync="TRUE">Linear Unit: Meter (1.000000)</csUnits><projcsn Sync="TRUE">PCS_MAG_Ant_Medellin</projcsn><peXml Sync="TRUE">&lt;ProjectedCoordinateSystem xsi:type='typens:ProjectedCoordinateSystem' xmlns:xsi='http://www.w3.org/2001/XMLSchema-instance' xmlns:xs='http://www.w3.org/2001/XMLSchema' xmlns:typens='http://www.esri.com/schemas/ArcGIS/10.1'&gt;&lt;WKT&gt;PROJCS[&amp;quot;PCS_MAG_Ant_Medellin&amp;quot;,GEOGCS[&amp;quot;GCS_MAG_Ant_Medellin&amp;quot;,DATUM[&amp;quot;D_DAT_MAG_Ant_Medellin&amp;quot;,SPHEROID[&amp;quot;GRS1980_MAG_Ant_Medellin&amp;quot;,6379647.0,298.257222101]],PRIMEM[&amp;quot;Greenwich&amp;quot;,0.0],UNIT[&amp;quot;Degree&amp;quot;,0.0174532925199433]],PROJECTION[&amp;quot;Transverse_Mercator&amp;quot;],PARAMETER[&amp;quot;False_Easting&amp;quot;,835378.647],PARAMETER[&amp;quot;False_Northing&amp;quot;,1180816.875],PARAMETER[&amp;quot;Central_Meridian&amp;quot;,-75.56488694],PARAMETER[&amp;quot;Scale_Factor&amp;quot;,1.0],PARAMETER[&amp;quot;Latitude_Of_Origin&amp;quot;,6.229208889],UNIT[&amp;quot;Meter&amp;quot;,1.0]]&lt;/WKT&gt;&lt;XOrigin&gt;-4789100&lt;/XOrigin&gt;&lt;YOrigin&gt;-9512600&lt;/YOrigin&gt;&lt;XYScale&gt;450159641.69649458&lt;/XYScale&gt;&lt;ZOrigin&gt;-100000&lt;/ZOrigin&gt;&lt;ZScale&gt;10000&lt;/ZScale&gt;&lt;MOrigin&gt;-100000&lt;/MOrigin&gt;&lt;MScale&gt;10000&lt;/MScale&gt;&lt;XYTolerance&gt;0.001&lt;/XYTolerance&gt;&lt;ZTolerance&gt;0.001&lt;/ZTolerance&gt;&lt;MTolerance&gt;0.001&lt;/MTolerance&gt;&lt;HighPrecision&gt;true&lt;/HighPrecision&gt;&lt;/ProjectedCoordinateSystem&gt;</peXml></coordRef></DataProperties><SyncDate>20160615</SyncDate><SyncTime>10022100</SyncTime><ModDate>20160615</ModDate><ModTime>10022100</ModTime></Esri><dataIdInfo><envirDesc Sync="TRUE">Microsoft Windows 7 Version 6.1 (Build 7601) Service Pack 1; Esri ArcGIS 10.2.2.3552</envirDesc><dataLang><languageCode value="spa" Sync="TRUE"></languageCode><countryCode value="COL" Sync="TRUE"></countryCode></dataLang><idCitation><resTitle Sync="TRUE">Retiros</resTitle><presForm><PresFormCd value="005" Sync="TRUE"></PresFormCd></presForm></idCitation><spatRpType><SpatRepTypCd value="001" Sync="TRUE"></SpatRepTypCd></spatRpType></dataIdInfo><mdLang><languageCode value="spa" Sync="TRUE"></languageCode><countryCode value="COL" Sync="TRUE"></countryCode></mdLang><distInfo><distFormat><formatName Sync="TRUE">Shapefile</formatName></distFormat><distTranOps><transSize Sync="TRUE">0.000</transSize></distTranOps></distInfo><mdHrLv><ScopeCd value="005" Sync="TRUE"></ScopeCd></mdHrLv><mdHrLvName Sync="TRUE">dataset</mdHrLvName><refSysInfo><RefSystem><refSysID><identCode code="0" Sync="TRUE"></identCode></refSysID></RefSystem></refSysInfo><spatRepInfo><VectSpatRep><geometObjs Name="Retiros"><geoObjTyp><GeoObjTypCd value="002" Sync="TRUE"></GeoObjTypCd></geoObjTyp><geoObjCnt Sync="TRUE">0</geoObjCnt></geometObjs><topLvl><TopoLevCd value="001" Sync="TRUE"></TopoLevCd></topLvl></VectSpatRep></spatRepInfo><spdoinfo><ptvctinf><esriterm Name="Retiros"><efeatyp Sync="TRUE">Simple</efeatyp><efeageom code="4" Sync="TRUE"></efeageom><esritopo Sync="TRUE">FALSE</esritopo><efeacnt Sync="TRUE">0</efeacnt><spindex Sync="TRUE">FALSE</spindex><linrefer Sync="TRUE">FALSE</linrefer></esriterm></ptvctinf></spdoinfo><eainfo><detailed Name="Retiros"><enttyp><enttypl Sync="TRUE">Retiros</enttypl><enttypt Sync="TRUE">Feature Class</enttypt><enttypc Sync="TRUE">0</enttypc></enttyp><attr><attrlabl Sync="TRUE">FID</attrlabl><attalias Sync="TRUE">FID</attalias><attrtype Sync="TRUE">OID</attrtype><attwidth Sync="TRUE">4</attwidth><atprecis Sync="TRUE">0</atprecis><attscale Sync="TRUE">0</attscale><attrdef Sync="TRUE">Internal feature number.</attrdef><attrdefs Sync="TRUE">Esri</attrdefs><attrdomv><udom Sync="TRUE">Sequential unique whole numbers that are automatically generated.</udom></attrdomv></attr><attr><attrlabl Sync="TRUE">SHAPE</attrlabl><attalias Sync="TRUE">Shape</attalias><attrtype Sync="TRUE">Geometry</attrtype><attwidth Sync="TRUE">0</attwidth><atprecis Sync="TRUE">0</atprecis><attscale Sync="TRUE">0</attscale><attrdef Sync="TRUE">Feature geometry.</attrdef><attrdefs Sync="TRUE">Esri</attrdefs><attrdomv><udom Sync="TRUE">Coordinates defining the features.</udom></attrdomv></attr><attr><attrlabl Sync="TRUE">FAJA_RETIR</attrlabl><attalias Sync="TRUE">FAJA_RETIR</attalias><attrtype Sync="TRUE">SmallInteger</attrtype><attwidth Sync="TRUE">4</attwidth><atprecis Sync="TRUE">4</atprecis><attscale Sync="TRUE">0</attscale></attr><attr><attrlabl Sync="TRUE">CATEGORIA_</attrlabl><attalias Sync="TRUE">CATEGORIA_</attalias><attrtype Sync="TRUE">String</attrtype><attwidth Sync="TRUE">100</attwidth><atprecis Sync="TRUE">0</atprecis><attscale Sync="TRUE">0</attscale></attr><attr><attrlabl Sync="TRUE">SUBCATEGOR</attrlabl><attalias Sync="TRUE">SUBCATEGOR</attalias><attrtype Sync="TRUE">String</attrtype><attwidth Sync="TRUE">100</attwidth><atprecis Sync="TRUE">0</atprecis><attscale Sync="TRUE">0</attscale></attr><attr><attrlabl Sync="TRUE">SHAPE_Leng</attrlabl><attalias Sync="TRUE">SHAPE_Leng</attalias><attrtype Sync="TRUE">Double</attrtype><attwidth Sync="TRUE">19</attwidth><atprecis Sync="TRUE">0</atprecis><attscale Sync="TRUE">0</attscale></attr><attr><attrlabl Sync="TRUE">SHAPE_Area</attrlabl><attalias Sync="TRUE">SHAPE_Area</attalias><attrtype Sync="TRUE">Double</attrtype><attwidth Sync="TRUE">19</attwidth><atprecis Sync="TRUE">0</atprecis><attscale Sync="TRUE">0</attscale><attrdef Sync="TRUE">Area of feature in internal units squared.</attrdef><attrdefs Sync="TRUE">Esri</attrdefs><attrdomv><udom Sync="TRUE">Positive real numbers that are automatically generated.</udom></attrdomv></attr></detailed></eainfo><mdDateSt Sync="TRUE">20160615</mdDateSt></metadata>
