<metadata xml:lang="es"><Esri><CreaDate>20140102</CreaDate><CreaTime>17444400</CreaTime><ArcGISFormat>1.0</ArcGISFormat><SyncOnce>FALSE</SyncOnce><DataProperties><lineage><Process ToolSource="C:\Program Files\ArcGIS\Desktop10.0\ArcToolbox\Toolboxes\Data Management Tools.tbx\Analyze" Date="20130913" Time="040409">Analyze "Database Connections\zeus4_ATLAS_SDE.sde\CARTO.Rio" BUSINESS;FEATURE</Process><Process ToolSource="C:\Program Files\ArcGIS\Desktop10.0\ArcToolbox\Toolboxes\Data Management Tools.tbx\Analyze" Date="20130914" Time="041227">Analyze "Database Connections\zeus4_ATLAS_SDE.sde\CARTO.Rio" BUSINESS;FEATURE</Process><Process ToolSource="C:\Program Files\ArcGIS\Desktop10.0\ArcToolbox\Toolboxes\Data Management Tools.tbx\Analyze" Date="20130915" Time="041204">Analyze "Database Connections\zeus4_ATLAS_SDE.sde\CARTO.Rio" BUSINESS;FEATURE</Process><Process ToolSource="C:\Program Files\ArcGIS\Desktop10.0\ArcToolbox\Toolboxes\Data Management Tools.tbx\Analyze" Date="20130916" Time="041232">Analyze "Database Connections\zeus4_ATLAS_SDE.sde\CARTO.Rio" BUSINESS;FEATURE</Process><Process ToolSource="C:\Program Files\ArcGIS\Desktop10.0\ArcToolbox\Toolboxes\Data Management Tools.tbx\Analyze" Date="20130917" Time="041540">Analyze "Database Connections\zeus4_ATLAS_SDE.sde\CARTO.Cartografia_POT\CARTO.Rio" BUSINESS;FEATURE</Process><Process ToolSource="C:\Program Files\ArcGIS\Desktop10.0\ArcToolbox\Toolboxes\Data Management Tools.tbx\Analyze" Date="20131006" Time="060010">Analyze "Database Connections\zeus4_ATLAS_SDE.sde\CARTO.Cartografia_POT\CARTO.Rio" BUSINESS;FEATURE</Process><Process ToolSource="C:\Program Files\ArcGIS\Desktop10.0\ArcToolbox\Toolboxes\Data Management Tools.tbx\Analyze" Date="20131013" Time="054441">Analyze "Database Connections\zeus4_ATLAS_SDE.sde\CARTO.Cartografia_POT\CARTO.Rio" BUSINESS;FEATURE</Process><Process ToolSource="C:\Program Files\ArcGIS\Desktop10.0\ArcToolbox\Toolboxes\Data Management Tools.tbx\Analyze" Date="20131020" Time="075309">Analyze "Database Connections\zeus4_ATLAS_SDE.sde\CARTO.Cartografia_POT\CARTO.Rio" BUSINESS;FEATURE</Process><Process ToolSource="C:\Program Files\ArcGIS\Desktop10.0\ArcToolbox\Toolboxes\Data Management Tools.tbx\Analyze" Date="20131027" Time="054508">Analyze "Database Connections\zeus4_ATLAS_SDE.sde\CARTO.Cartografia_POT\CARTO.Rio" BUSINESS;FEATURE</Process><Process ToolSource="C:\Program Files\ArcGIS\Desktop10.0\ArcToolbox\Toolboxes\Data Management Tools.tbx\Analyze" Date="20131103" Time="053450">Analyze "Database Connections\zeus4_ATLAS_SDE_DIRECT.sde\CARTO.Cartografia_POT\CARTO.Rio" BUSINESS;FEATURE</Process><Process ToolSource="C:\Program Files\ArcGIS\Desktop10.0\ArcToolbox\Toolboxes\Data Management Tools.tbx\Analyze" Date="20131117" Time="053913">Analyze "Database Connections\zeus4_ATLAS_SDE_DIRECT.sde\CARTO.Cartografia_POT\CARTO.Rio" BUSINESS;FEATURE</Process><Process ToolSource="C:\Program Files\ArcGIS\Desktop10.0\ArcToolbox\Toolboxes\Data Management Tools.tbx\Analyze" Date="20131124" Time="053256">Analyze "Database Connections\zeus4_ATLAS_SDE_DIRECT.sde\CARTO.Cartografia_POT\CARTO.Rio" BUSINESS;FEATURE</Process><Process ToolSource="C:\Program Files\ArcGIS\Desktop10.0\ArcToolbox\Toolboxes\Data Management Tools.tbx\Analyze" Date="20131201" Time="054701">Analyze "Database Connections\zeus4_ATLAS_SDE_DIRECT.sde\CARTO.Cartografia_POT\CARTO.Rio" BUSINESS;FEATURE</Process><Process ToolSource="C:\Program Files\ArcGIS\Desktop10.0\ArcToolbox\Toolboxes\Data Management Tools.tbx\Analyze" Date="20131208" Time="054323">Analyze "Database Connections\zeus4_ATLAS_SDE_DIRECT.sde\CARTO.Cartografia_POT\CARTO.Rio" BUSINESS;FEATURE</Process><Process ToolSource="C:\Program Files\ArcGIS\Desktop10.0\ArcToolbox\Toolboxes\Data Management Tools.tbx\Analyze" Date="20131214" Time="054217">Analyze "Database Connections\zeus4_ATLAS_SDE_DIRECT.sde\CARTO.Cartografia_POT\CARTO.Rio" BUSINESS;FEATURE</Process><Process ToolSource="C:\Program Files\ArcGIS\Desktop10.0\ArcToolbox\Toolboxes\Data Management Tools.tbx\Analyze" Date="20131221" Time="054319">Analyze "Database Connections\zeus4_ATLAS_SDE_DIRECT.sde\CARTO.Cartografia_POT\CARTO.Rio" BUSINESS;FEATURE</Process><Process ToolSource="C:\Program Files\ArcGIS\Desktop10.0\ArcToolbox\Toolboxes\Data Management Tools.tbx\Analyze" Date="20131228" Time="054657">Analyze "Database Connections\zeus4_ATLAS_SDE_DIRECT.sde\CARTO.Cartografia_POT\CARTO.Rio" BUSINESS;FEATURE</Process><Process ToolSource="c:\program files (x86)\arcgis\desktop10.2\ArcToolbox\Toolboxes\Data Management Tools.tbx\CalculateField" Date="20161210" Time="135159">CalculateField Rio ON_ZOOM "0" VB #</Process></lineage><itemProps><itemLocation><linkage Sync="TRUE">file://\\orfeo\SUBD_INFORMACION\Site-MXD\INFORMACION MAPAS\Ordenamiento_Territorial_POT_Acuerdo48_14\09_Shapes\Info_Basica\Rio.shp</linkage><protocol Sync="TRUE">Local Area Network</protocol></itemLocation><itemName Sync="TRUE">Rio</itemName><imsContentType Sync="TRUE">002</imsContentType><nativeExtBox><westBL Sync="TRUE">827685.873500</westBL><eastBL Sync="TRUE">841220.771600</eastBL><southBL Sync="TRUE">1170715.873300</southBL><northBL Sync="TRUE">1194012.490700</northBL><exTypeCode Sync="TRUE">1</exTypeCode></nativeExtBox><itemSize Sync="TRUE">0.000</itemSize></itemProps><coordRef><type Sync="TRUE">Projected</type><geogcsn Sync="TRUE">GCS_MAG_Ant_Medellin</geogcsn><csUnits Sync="TRUE">Linear Unit: Meter (1.000000)</csUnits><projcsn Sync="TRUE">PCS_MAG_Ant_Medellin</projcsn><peXml Sync="TRUE">&lt;ProjectedCoordinateSystem xsi:type='typens:ProjectedCoordinateSystem' xmlns:xsi='http://www.w3.org/2001/XMLSchema-instance' xmlns:xs='http://www.w3.org/2001/XMLSchema' xmlns:typens='http://www.esri.com/schemas/ArcGIS/10.1'&gt;&lt;WKT&gt;PROJCS[&amp;quot;PCS_MAG_Ant_Medellin&amp;quot;,GEOGCS[&amp;quot;GCS_MAG_Ant_Medellin&amp;quot;,DATUM[&amp;quot;D_DAT_MAG_Ant_Medellin&amp;quot;,SPHEROID[&amp;quot;GRS1980_MAG_Ant_Medellin&amp;quot;,6379647.0,298.257222101]],PRIMEM[&amp;quot;Greenwich&amp;quot;,0.0],UNIT[&amp;quot;Degree&amp;quot;,0.0174532925199433]],PROJECTION[&amp;quot;Transverse_Mercator&amp;quot;],PARAMETER[&amp;quot;False_Easting&amp;quot;,835378.647],PARAMETER[&amp;quot;False_Northing&amp;quot;,1180816.875],PARAMETER[&amp;quot;Central_Meridian&amp;quot;,-75.56488694],PARAMETER[&amp;quot;Scale_Factor&amp;quot;,1.0],PARAMETER[&amp;quot;Latitude_Of_Origin&amp;quot;,6.229208889],UNIT[&amp;quot;Meter&amp;quot;,1.0]]&lt;/WKT&gt;&lt;XOrigin&gt;-4789100&lt;/XOrigin&gt;&lt;YOrigin&gt;-9512600&lt;/YOrigin&gt;&lt;XYScale&gt;450159641.69649458&lt;/XYScale&gt;&lt;ZOrigin&gt;-100000&lt;/ZOrigin&gt;&lt;ZScale&gt;10000&lt;/ZScale&gt;&lt;MOrigin&gt;-100000&lt;/MOrigin&gt;&lt;MScale&gt;10000&lt;/MScale&gt;&lt;XYTolerance&gt;0.001&lt;/XYTolerance&gt;&lt;ZTolerance&gt;0.001&lt;/ZTolerance&gt;&lt;MTolerance&gt;0.001&lt;/MTolerance&gt;&lt;HighPrecision&gt;true&lt;/HighPrecision&gt;&lt;/ProjectedCoordinateSystem&gt;</peXml></coordRef></DataProperties><ArcGISstyle>ISO 19139 Metadata Implementation Specification</ArcGISstyle><SyncDate>20151001</SyncDate><SyncTime>10424800</SyncTime><ModDate>20151001</ModDate><ModTime>10424800</ModTime></Esri><dataIdInfo><envirDesc Sync="TRUE">Microsoft Windows 7 Version 6.1 (Build 7601) Service Pack 1; Esri ArcGIS 10.2.2.3552</envirDesc><dataLang><languageCode value="spa" Sync="TRUE"></languageCode><countryCode value="COL" Sync="TRUE"></countryCode></dataLang><idCitation><resTitle Sync="TRUE">Rio</resTitle><presForm><PresFormCd value="005" Sync="TRUE"></PresFormCd></presForm></idCitation><spatRpType><SpatRepTypCd value="001" Sync="TRUE"></SpatRepTypCd></spatRpType><dataExt><geoEle><GeoBndBox esriExtentType="search"><exTypeCode Sync="TRUE">1</exTypeCode><westBL Sync="TRUE">-75.634399</westBL><eastBL Sync="TRUE">-75.512097</eastBL><northBL Sync="TRUE">6.348503</northBL><southBL Sync="TRUE">6.137886</southBL></GeoBndBox></geoEle></dataExt></dataIdInfo><mdLang><languageCode value="spa" Sync="TRUE"></languageCode><countryCode value="COL" Sync="TRUE"></countryCode></mdLang><distInfo><distFormat><formatName Sync="TRUE">Shapefile</formatName></distFormat><distTranOps><transSize Sync="TRUE">0.000</transSize></distTranOps></distInfo><mdHrLv><ScopeCd value="005" Sync="TRUE"></ScopeCd></mdHrLv><mdHrLvName Sync="TRUE">dataset</mdHrLvName><refSysInfo><RefSystem><refSysID><identCode code="0" Sync="TRUE"></identCode></refSysID></RefSystem></refSysInfo><spatRepInfo><VectSpatRep><geometObjs Name="Rio"><geoObjTyp><GeoObjTypCd value="002" Sync="TRUE"></GeoObjTypCd></geoObjTyp><geoObjCnt Sync="TRUE">0</geoObjCnt></geometObjs><topLvl><TopoLevCd value="001" Sync="TRUE"></TopoLevCd></topLvl></VectSpatRep></spatRepInfo><spdoinfo><ptvctinf><esriterm Name="Rio"><efeatyp Sync="TRUE">Simple</efeatyp><efeageom code="4" Sync="TRUE"></efeageom><esritopo Sync="TRUE">FALSE</esritopo><efeacnt Sync="TRUE">0</efeacnt><spindex Sync="TRUE">FALSE</spindex><linrefer Sync="TRUE">FALSE</linrefer></esriterm></ptvctinf></spdoinfo><eainfo><detailed Name="Rio"><enttyp><enttypl Sync="TRUE">Rio</enttypl><enttypt Sync="TRUE">Feature Class</enttypt><enttypc Sync="TRUE">0</enttypc></enttyp><attr><attrlabl Sync="TRUE">FID</attrlabl><attalias Sync="TRUE">FID</attalias><attrtype Sync="TRUE">OID</attrtype><attwidth Sync="TRUE">4</attwidth><atprecis Sync="TRUE">0</atprecis><attscale Sync="TRUE">0</attscale><attrdef Sync="TRUE">Internal feature number.</attrdef><attrdefs Sync="TRUE">Esri</attrdefs><attrdomv><udom Sync="TRUE">Sequential unique whole numbers that are automatically generated.</udom></attrdomv></attr><attr><attrlabl Sync="TRUE">NOMBRE</attrlabl><attalias Sync="TRUE">NOMBRE</attalias><attrtype Sync="TRUE">String</attrtype><attwidth Sync="TRUE">200</attwidth><atprecis Sync="TRUE">0</atprecis><attscale Sync="TRUE">0</attscale></attr><attr><attrlabl Sync="TRUE">SHAPE</attrlabl><attalias Sync="TRUE">Shape</attalias><attrtype Sync="TRUE">Geometry</attrtype><attwidth Sync="TRUE">0</attwidth><atprecis Sync="TRUE">0</atprecis><attscale Sync="TRUE">0</attscale><attrdef Sync="TRUE">Feature geometry.</attrdef><attrdefs Sync="TRUE">Esri</attrdefs><attrdomv><udom Sync="TRUE">Coordinates defining the features.</udom></attrdomv></attr><attr><attrlabl Sync="TRUE">SHAPE_Leng</attrlabl><attalias Sync="TRUE">SHAPE_Leng</attalias><attrtype Sync="TRUE">Double</attrtype><attwidth Sync="TRUE">19</attwidth><atprecis Sync="TRUE">0</atprecis><attscale Sync="TRUE">0</attscale></attr><attr><attrlabl Sync="TRUE">SHAPE_Area</attrlabl><attalias Sync="TRUE">SHAPE_Area</attalias><attrtype Sync="TRUE">Double</attrtype><attwidth Sync="TRUE">19</attwidth><atprecis Sync="TRUE">0</atprecis><attscale Sync="TRUE">0</attscale><attrdef Sync="TRUE">Area of feature in internal units squared.</attrdef><attrdefs Sync="TRUE">Esri</attrdefs><attrdomv><udom Sync="TRUE">Positive real numbers that are automatically generated.</udom></attrdomv></attr></detailed></eainfo><mdDateSt Sync="TRUE">20151001</mdDateSt></metadata>
